{
  "row_count": 300,
  "column_count": 7,
  "column_types": {
    "numeric": [
      "customer_id",
      "age",
      "feature_a",
      "feature_b",
      "feature_c",
      "revenue",
      "target"
    ],
    "categorical": [],
    "datetime": [],
    "text": [],
    "boolean": []
  },
  "columns": {
    "customer_id": {
      "dtype": "int64",
      "inferred_type": "numeric",
      "missing_count": 0,
      "missing_pct": 0.0,
      "distinct_count": 300,
      "distinct_pct": 1.0,
      "constant": false,
      "near_constant": false,
      "stats": {
        "mean": 150.5,
        "median": 150.5,
        "std": 86.60205925188308,
        "min": 1.0,
        "max": 300.0,
        "skew": 0.0,
        "q25": 75.75,
        "q75": 225.25
      }
    },
    "age": {
      "dtype": "int64",
      "inferred_type": "numeric",
      "missing_count": 0,
      "missing_pct": 0.0,
      "distinct_count": 52,
      "distinct_pct": 0.1733,
      "constant": false,
      "near_constant": false,
      "stats": {
        "mean": 43.36333333333334,
        "median": 43.0,
        "std": 14.414274946115825,
        "min": 18.0,
        "max": 69.0,
        "skew": -0.015838022843364895,
        "q25": 30.75,
        "q75": 56.25
      }
    },
    "feature_a": {
      "dtype": "float64",
      "inferred_type": "numeric",
      "missing_count": 0,
      "missing_pct": 0.0,
      "distinct_count": 300,
      "distinct_pct": 1.0,
      "constant": false,
      "near_constant": false,
      "stats": {
        "mean": 98.68136056248971,
        "median": 99.2715068061737,
        "std": 9.222900056455279,
        "min": 67.48561584503462,
        "max": 122.4475662648605,
        "skew": -0.18358401201153546,
        "q25": 93.07344705218406,
        "q75": 104.9686932712139
      }
    },
    "feature_b": {
      "dtype": "float64",
      "inferred_type": "numeric",
      "missing_count": 0,
      "missing_pct": 0.0,
      "distinct_count": 300,
      "distinct_pct": 1.0,
      "constant": false,
      "near_constant": false,
      "stats": {
        "mean": 99.6679986611623,
        "median": 100.30696337998015,
        "std": 9.32105126669923,
        "min": 68.08039007712931,
        "max": 123.79828520169954,
        "skew": -0.1859730837294792,
        "q25": 93.7612658219204,
        "q75": 106.09509280905182
      }
    },
    "feature_c": {
      "dtype": "float64",
      "inferred_type": "numeric",
      "missing_count": 0,
      "missing_pct": 0.0,
      "distinct_count": 300,
      "distinct_pct": 1.0,
      "constant": false,
      "near_constant": false,
      "stats": {
        "mean": 97.69635104092772,
        "median": 98.33835980310621,
        "std": 9.116498538847601,
        "min": 67.01137845048183,
        "max": 121.10055090290987,
        "skew": -0.1814180081244369,
        "q25": 92.22328824310087,
        "q75": 103.77364144454091
      }
    },
    "revenue": {
      "dtype": "float64",
      "inferred_type": "numeric",
      "missing_count": 0,
      "missing_pct": 0.0,
      "distinct_count": 300,
      "distinct_pct": 1.0,
      "constant": false,
      "near_constant": false,
      "stats": {
        "mean": 296.023839708359,
        "median": 297.0056172080127,
        "std": 27.65298407489263,
        "min": 202.1023446205627,
        "max": 366.6438609391832,
        "skew": -0.18319711630710606,
        "q25": 278.89785481095146,
        "q75": 314.12178233889347
      }
    },
    "target": {
      "dtype": "float64",
      "inferred_type": "numeric",
      "missing_count": 0,
      "missing_pct": 0.0,
      "distinct_count": 300,
      "distinct_pct": 1.0,
      "constant": false,
      "near_constant": false,
      "stats": {
        "mean": 295.84068837652467,
        "median": 297.57937874467075,
        "std": 27.653294062311392,
        "min": 202.81023239862057,
        "max": 368.8864676436283,
        "skew": -0.21125737863317526,
        "q25": 278.3838610740021,
        "q75": 313.8528489136401
      }
    }
  },
  "missingness_summary": {
    "avg_missing_pct": 0.0,
    "max_missing_pct": 0.0
  },
  "constant_columns": [],
  "near_constant_columns": [],
  "status": "success",
  "valid": true,
  "errors": [],
  "warnings": []
}