{
  "row_count": 250,
  "column_count": 6,
  "column_types": {
    "numeric": [
      "user_id",
      "feature_a",
      "feature_b",
      "feature_c",
      "revenue",
      "target"
    ],
    "categorical": [],
    "datetime": [],
    "text": [],
    "boolean": []
  },
  "columns": {
    "user_id": {
      "dtype": "int64",
      "inferred_type": "numeric",
      "missing_count": 0,
      "missing_pct": 0.0,
      "distinct_count": 250,
      "distinct_pct": 1.0,
      "constant": false,
      "near_constant": false,
      "stats": {
        "mean": 125.5,
        "median": 125.5,
        "std": 72.16820629612461,
        "min": 1.0,
        "max": 250.0,
        "skew": 0.0,
        "q25": 63.25,
        "q75": 187.75
      }
    },
    "feature_a": {
      "dtype": "float64",
      "inferred_type": "numeric",
      "missing_count": 0,
      "missing_pct": 0.0,
      "distinct_count": 250,
      "distinct_pct": 1.0,
      "constant": false,
      "near_constant": false,
      "stats": {
        "mean": 50.036366032642164,
        "median": 50.14065089241776,
        "std": 4.6106874906938895,
        "min": 38.41390891549688,
        "max": 62.84755756495256,
        "skew": -0.03906740436871182,
        "q25": 46.848960678153155,
        "q75": 53.022978461027336
      }
    },
    "feature_b": {
      "dtype": "float64",
      "inferred_type": "numeric",
      "missing_count": 0,
      "missing_pct": 0.0,
      "distinct_count": 250,
      "distinct_pct": 1.0,
      "constant": false,
      "near_constant": false,
      "stats": {
        "mean": 0.05516253465746232,
        "median": 0.1248507811459614,
        "std": 1.0135749412111112,
        "min": -2.79235715975389,
        "max": 3.623567688368005,
        "skew": -0.0431964396773965,
        "q25": -0.5593546143664444,
        "q75": 0.6714791047345083
      }
    },
    "feature_c": {
      "dtype": "float64",
      "inferred_type": "numeric",
      "missing_count": 0,
      "missing_pct": 0.0,
      "distinct_count": 250,
      "distinct_pct": 1.0,
      "constant": false,
      "near_constant": false,
      "stats": {
        "mean": 100.11002418297674,
        "median": 100.00030640256574,
        "std": 10.15723970120799,
        "min": 73.6712979259133,
        "max": 124.39976781493073,
        "skew": 0.024390717023688196,
        "q25": 92.22840541420685,
        "q75": 107.80239907016609
      }
    },
    "revenue": {
      "dtype": "float64",
      "inferred_type": "numeric",
      "missing_count": 0,
      "missing_pct": 0.0,
      "distinct_count": 250,
      "distinct_pct": 1.0,
      "constant": false,
      "near_constant": false,
      "stats": {
        "mean": 119.93596503730858,
        "median": 120.61426915736553,
        "std": 8.37267057110275,
        "min": 97.8941993088918,
        "max": 140.672021730352,
        "skew": 0.017404213638869015,
        "q25": 113.57812395854658,
        "q75": 125.24936834377525
      }
    },
    "target": {
      "dtype": "float64",
      "inferred_type": "numeric",
      "missing_count": 0,
      "missing_pct": 0.0,
      "distinct_count": 1,
      "distinct_pct": 0.004,
      "constant": true,
      "near_constant": true,
      "stats": {
        "mean": 1.0,
        "median": 1.0,
        "std": 0.0,
        "min": 1.0,
        "max": 1.0,
        "skew": 0.0,
        "q25": 1.0,
        "q75": 1.0
      }
    }
  },
  "missingness_summary": {
    "avg_missing_pct": 0.0,
    "max_missing_pct": 0.0
  },
  "constant_columns": [
    "target"
  ],
  "near_constant_columns": [],
  "status": "success",
  "valid": true,
  "errors": [],
  "warnings": []
}