{
  "row_count": 200,
  "column_count": 5,
  "column_types": {
    "numeric": [
      "user_id",
      "feature_a",
      "revenue",
      "leakage_feature",
      "target"
    ],
    "categorical": [],
    "datetime": [],
    "text": [],
    "boolean": []
  },
  "columns": {
    "user_id": {
      "dtype": "int64",
      "inferred_type": "numeric",
      "missing_count": 0,
      "missing_pct": 0.0,
      "distinct_count": 200,
      "distinct_pct": 1.0,
      "constant": false,
      "near_constant": false,
      "stats": {
        "mean": 100.5,
        "median": 100.5,
        "std": 57.73430522661548,
        "min": 1.0,
        "max": 200.0,
        "skew": 0.0,
        "q25": 50.75,
        "q75": 150.25
      }
    },
    "feature_a": {
      "dtype": "float64",
      "inferred_type": "numeric",
      "missing_count": 0,
      "missing_pct": 0.0,
      "distinct_count": 200,
      "distinct_pct": 1.0,
      "constant": false,
      "near_constant": false,
      "stats": {
        "mean": 49.48055410596502,
        "median": 49.17935353952862,
        "std": 7.6940707556093,
        "min": 30.88357320258689,
        "max": 71.54042517909485,
        "skew": 0.34772475800850383,
        "q25": 43.5074651116349,
        "q75": 54.62771158439524
      }
    },
    "revenue": {
      "dtype": "float64",
      "inferred_type": "numeric",
      "missing_count": 0,
      "missing_pct": 0.0,
      "distinct_count": 200,
      "distinct_pct": 1.0,
      "constant": false,
      "near_constant": false,
      "stats": {
        "mean": 108.96110821193004,
        "median": 108.35870707905724,
        "std": 15.388141511218594,
        "min": 71.76714640517379,
        "max": 153.0808503581897,
        "skew": 0.3477247580085038,
        "q25": 97.0149302232698,
        "q75": 119.25542316879047
      }
    },
    "leakage_feature": {
      "dtype": "float64",
      "inferred_type": "numeric",
      "missing_count": 0,
      "missing_pct": 0.0,
      "distinct_count": 200,
      "distinct_pct": 1.0,
      "constant": false,
      "near_constant": false,
      "stats": {
        "mean": 98.96110821193004,
        "median": 98.35870707905724,
        "std": 15.3881415112186,
        "min": 61.76714640517379,
        "max": 143.0808503581897,
        "skew": 0.34772475800850394,
        "q25": 87.01493022326979,
        "q75": 109.25542316879047
      }
    },
    "target": {
      "dtype": "float64",
      "inferred_type": "numeric",
      "missing_count": 0,
      "missing_pct": 0.0,
      "distinct_count": 200,
      "distinct_pct": 1.0,
      "constant": false,
      "near_constant": false,
      "stats": {
        "mean": 98.96110821193004,
        "median": 98.35870707905724,
        "std": 15.3881415112186,
        "min": 61.76714640517379,
        "max": 143.0808503581897,
        "skew": 0.34772475800850394,
        "q25": 87.01493022326979,
        "q75": 109.25542316879047
      }
    }
  },
  "missingness_summary": {
    "avg_missing_pct": 0.0,
    "max_missing_pct": 0.0
  },
  "constant_columns": [],
  "near_constant_columns": [],
  "status": "success",
  "valid": true,
  "errors": [],
  "warnings": []
}