{
  "centroids": [
    [
      236.5,
      4974.236635763493,
      4974.236635763493,
      4974.236635763493,
      497.4236635763493,
      5025.763364236507,
      9.765486725663717,
      3.0718623960427185,
      0.0
    ],
    [
      246.0,
      6189.497914417378,
      6189.497914417378,
      6189.497914417378,
      618.9497914417377,
      3810.5020855826224,
      10.177777777777777,
      2.7726186493998193,
      0.0
    ],
    [
      274.0359712230216,
      3826.043611038297,
      3826.043611038297,
      3826.043611038297,
      382.60436110382966,
      6173.956388961703,
      9.712230215827338,
      3.0193210225788523,
      0.0
    ]
  ],
  "inertia": 347415012.6340399
}