{
  "source_path": "",
  "row_count": 500,
  "column_count": 8,
  "columns": {
    "customer_id": {
      "dtype": "int64",
      "null_pct": 0.0,
      "distinct_pct": 1.0,
      "min": 0.0,
      "max": 499.0,
      "mean": 249.5,
      "std": 144.33727862198316,
      "p25": 124.75,
      "p50": 249.5,
      "p75": 374.25
    },
    "revenue": {
      "dtype": "float64",
      "null_pct": 0.0,
      "distinct_pct": 1.0,
      "min": 2142.109248225023,
      "max": 7862.914852148909,
      "mean": 4983.159520126438,
      "std": 966.0802291143153,
      "p25": 4282.22748909439,
      "p50": 4929.331701447245,
      "p75": 5628.433784435062
    },
    "revenue_copy_1": {
      "dtype": "float64",
      "null_pct": 0.0,
      "distinct_pct": 1.0,
      "min": 2142.109248225023,
      "max": 7862.914852148909,
      "mean": 4983.159520126438,
      "std": 966.0802291143153,
      "p25": 4282.22748909439,
      "p50": 4929.331701447245,
      "p75": 5628.433784435062
    },
    "revenue_copy_2": {
      "dtype": "float64",
      "null_pct": 0.0,
      "distinct_pct": 1.0,
      "min": 2142.109248225023,
      "max": 7862.914852148909,
      "mean": 4983.159520126438,
      "std": 966.0802291143153,
      "p25": 4282.22748909439,
      "p50": 4929.331701447245,
      "p75": 5628.433784435062
    },
    "revenue_scaled": {
      "dtype": "float64",
      "null_pct": 0.0,
      "distinct_pct": 1.0,
      "min": 214.2109248225023,
      "max": 786.2914852148908,
      "mean": 498.3159520126438,
      "std": 96.60802291143152,
      "p25": 428.222748909439,
      "p50": 492.9331701447245,
      "p75": 562.8433784435063
    },
    "revenue_inverse": {
      "dtype": "float64",
      "null_pct": 0.0,
      "distinct_pct": 1.0,
      "min": 2137.0851478510913,
      "max": 7857.890751774978,
      "mean": 5016.840479873562,
      "std": 966.0802291143153,
      "p25": 4371.566215564938,
      "p50": 5070.668298552755,
      "p75": 5717.77251090561
    },
    "visits": {
      "dtype": "int64",
      "null_pct": 0.0,
      "distinct_pct": 0.036,
      "min": 2.0,
      "max": 19.0,
      "mean": 9.862,
      "std": 3.0898148811862503,
      "p25": 8.0,
      "p50": 10.0,
      "p75": 12.0
    },
    "satisfaction": {
      "dtype": "float64",
      "null_pct": 0.0,
      "distinct_pct": 1.0,
      "min": 1.000506264137853,
      "max": 4.998179967721663,
      "mean": 2.976460082626181,
      "std": 1.1551380902091968,
      "p25": 2.0302379834842266,
      "p50": 2.8967177987228103,
      "p75": 3.9924631512687476
    }
  },
  "data_type": {
    "primary_type": "financial_accounting",
    "secondary_types": [
      "customer_behavior"
    ],
    "confidence": 0.2,
    "confidence_label": "exploratory",
    "signals": {
      "financial_accounting": [
        "columns:revenue"
      ],
      "customer_behavior": [
        "columns:action"
      ]
    },
    "notes": [
      "Primary type inferred from column/value signals (score=2)."
    ]
  },
  "quality": {
    "avg_null_pct": 0.0,
    "max_null_pct": 0,
    "avg_distinct_pct": 0.8795
  },
  "drift_status": "none",
  "critical_gap_score": 0,
  "is_safe_mode": false
}