{
  "correlation_analysis": {
    "available": true,
    "pearson_matrix": {
      "customer_id": {
        "customer_id": 1.0,
        "revenue": -0.061838358005681,
        "revenue_copy_1": -0.061838358005681,
        "revenue_copy_2": -0.061838358005681,
        "revenue_scaled": -0.06183835800568072,
        "revenue_inverse": 0.061838358005680986,
        "visits": -0.010200112543765944,
        "satisfaction": -0.04228914965487592
      },
      "revenue": {
        "customer_id": -0.061838358005681,
        "revenue": 1.0,
        "revenue_copy_1": 1.0,
        "revenue_copy_2": 1.0,
        "revenue_scaled": 1.0000000000000002,
        "revenue_inverse": -1.0,
        "visits": 0.03841624584092972,
        "satisfaction": -0.109739669198497
      },
      "revenue_copy_1": {
        "customer_id": -0.061838358005681,
        "revenue": 1.0,
        "revenue_copy_1": 1.0,
        "revenue_copy_2": 1.0,
        "revenue_scaled": 1.0000000000000002,
        "revenue_inverse": -1.0,
        "visits": 0.03841624584092972,
        "satisfaction": -0.109739669198497
      },
      "revenue_copy_2": {
        "customer_id": -0.061838358005681,
        "revenue": 1.0,
        "revenue_copy_1": 1.0,
        "revenue_copy_2": 1.0,
        "revenue_scaled": 1.0000000000000002,
        "revenue_inverse": -1.0,
        "visits": 0.03841624584092972,
        "satisfaction": -0.109739669198497
      },
      "revenue_scaled": {
        "customer_id": -0.06183835800568072,
        "revenue": 1.0000000000000002,
        "revenue_copy_1": 1.0000000000000002,
        "revenue_copy_2": 1.0000000000000002,
        "revenue_scaled": 1.0,
        "revenue_inverse": -1.0000000000000004,
        "visits": 0.03841624584092964,
        "satisfaction": -0.10973966919849709
      },
      "revenue_inverse": {
        "customer_id": 0.061838358005680986,
        "revenue": -1.0,
        "revenue_copy_1": -1.0,
        "revenue_copy_2": -1.0,
        "revenue_scaled": -1.0000000000000004,
        "revenue_inverse": 1.0,
        "visits": -0.038416245840929744,
        "satisfaction": 0.10973966919849702
      },
      "visits": {
        "customer_id": -0.010200112543765944,
        "revenue": 0.03841624584092972,
        "revenue_copy_1": 0.03841624584092972,
        "revenue_copy_2": 0.03841624584092972,
        "revenue_scaled": 0.03841624584092964,
        "revenue_inverse": -0.038416245840929744,
        "visits": 1.0,
        "satisfaction": 0.0614074193798387
      },
      "satisfaction": {
        "customer_id": -0.04228914965487592,
        "revenue": -0.109739669198497,
        "revenue_copy_1": -0.109739669198497,
        "revenue_copy_2": -0.109739669198497,
        "revenue_scaled": -0.10973966919849709,
        "revenue_inverse": 0.10973966919849702,
        "visits": 0.0614074193798387,
        "satisfaction": 1.0
      }
    },
    "spearman_matrix": {
      "customer_id": {
        "customer_id": 1.0,
        "revenue": -0.06385225540902163,
        "revenue_copy_1": -0.06385225540902163,
        "revenue_copy_2": -0.06385225540902163,
        "revenue_scaled": -0.06385225540902163,
        "revenue_inverse": 0.06385225540902163,
        "visits": 0.013622142280825492,
        "satisfaction": -0.044699794799179196
      },
      "revenue": {
        "customer_id": -0.06385225540902163,
        "revenue": 1.0,
        "revenue_copy_1": 1.0,
        "revenue_copy_2": 1.0,
        "revenue_scaled": 1.0,
        "revenue_inverse": -1.0,
        "visits": 0.03443149725775479,
        "satisfaction": -0.10518570074280297
      },
      "revenue_copy_1": {
        "customer_id": -0.06385225540902163,
        "revenue": 1.0,
        "revenue_copy_1": 1.0,
        "revenue_copy_2": 1.0,
        "revenue_scaled": 1.0,
        "revenue_inverse": -1.0,
        "visits": 0.03443149725775479,
        "satisfaction": -0.10518570074280297
      },
      "revenue_copy_2": {
        "customer_id": -0.06385225540902163,
        "revenue": 1.0,
        "revenue_copy_1": 1.0,
        "revenue_copy_2": 1.0,
        "revenue_scaled": 1.0,
        "revenue_inverse": -1.0,
        "visits": 0.03443149725775479,
        "satisfaction": -0.10518570074280297
      },
      "revenue_scaled": {
        "customer_id": -0.06385225540902163,
        "revenue": 1.0,
        "revenue_copy_1": 1.0,
        "revenue_copy_2": 1.0,
        "revenue_scaled": 1.0,
        "revenue_inverse": -1.0,
        "visits": 0.03443149725775479,
        "satisfaction": -0.10518570074280297
      },
      "revenue_inverse": {
        "customer_id": 0.06385225540902163,
        "revenue": -1.0,
        "revenue_copy_1": -1.0,
        "revenue_copy_2": -1.0,
        "revenue_scaled": -1.0,
        "revenue_inverse": 1.0,
        "visits": -0.03443149725775479,
        "satisfaction": 0.10518570074280297
      },
      "visits": {
        "customer_id": 0.013622142280825492,
        "revenue": 0.03443149725775479,
        "revenue_copy_1": 0.03443149725775479,
        "revenue_copy_2": 0.03443149725775479,
        "revenue_scaled": 0.03443149725775479,
        "revenue_inverse": -0.03443149725775479,
        "visits": 1.0,
        "satisfaction": 0.06319539949341738
      },
      "satisfaction": {
        "customer_id": -0.044699794799179196,
        "revenue": -0.10518570074280297,
        "revenue_copy_1": -0.10518570074280297,
        "revenue_copy_2": -0.10518570074280297,
        "revenue_scaled": -0.10518570074280297,
        "revenue_inverse": 0.10518570074280297,
        "visits": 0.06319539949341738,
        "satisfaction": 1.0
      }
    },
    "strong_correlations": [
      {
        "feature1": "revenue_scaled",
        "feature2": "revenue_inverse",
        "pearson": -1.0000000000000004,
        "spearman": -1.0,
        "strength": "very_strong",
        "direction": "negative"
      },
      {
        "feature1": "revenue",
        "feature2": "revenue_scaled",
        "pearson": 1.0000000000000002,
        "spearman": 1.0,
        "strength": "very_strong",
        "direction": "positive"
      },
      {
        "feature1": "revenue_copy_1",
        "feature2": "revenue_scaled",
        "pearson": 1.0000000000000002,
        "spearman": 1.0,
        "strength": "very_strong",
        "direction": "positive"
      },
      {
        "feature1": "revenue_copy_2",
        "feature2": "revenue_scaled",
        "pearson": 1.0000000000000002,
        "spearman": 1.0,
        "strength": "very_strong",
        "direction": "positive"
      },
      {
        "feature1": "revenue",
        "feature2": "revenue_copy_1",
        "pearson": 1.0,
        "spearman": 1.0,
        "strength": "very_strong",
        "direction": "positive"
      },
      {
        "feature1": "revenue",
        "feature2": "revenue_copy_2",
        "pearson": 1.0,
        "spearman": 1.0,
        "strength": "very_strong",
        "direction": "positive"
      },
      {
        "feature1": "revenue",
        "feature2": "revenue_inverse",
        "pearson": -1.0,
        "spearman": -1.0,
        "strength": "very_strong",
        "direction": "negative"
      },
      {
        "feature1": "revenue_copy_1",
        "feature2": "revenue_copy_2",
        "pearson": 1.0,
        "spearman": 1.0,
        "strength": "very_strong",
        "direction": "positive"
      },
      {
        "feature1": "revenue_copy_1",
        "feature2": "revenue_inverse",
        "pearson": -1.0,
        "spearman": -1.0,
        "strength": "very_strong",
        "direction": "negative"
      },
      {
        "feature1": "revenue_copy_2",
        "feature2": "revenue_inverse",
        "pearson": -1.0,
        "spearman": -1.0,
        "strength": "very_strong",
        "direction": "negative"
      }
    ],
    "total_correlations": 10,
    "features": [
      "customer_id",
      "revenue",
      "revenue_copy_1",
      "revenue_copy_2",
      "revenue_scaled",
      "revenue_inverse",
      "visits",
      "satisfaction"
    ],