{
  "centroids": [
    [
      250.58419958419958,
      1933.7284256581381,
      0.0
    ],
    [
      380.0,
      153657.23596578976,
      0.0
    ],
    [
      213.27777777777777,
      28990.180640091596,
      0.0
    ]
  ],
  "inertia": 5646667930.966665
}