{
  "centroids": [
    [
      248.50000000000003,
      100.22800864572984,
      4.9899598393574305,
      0.09236947791164662,
      0.0
    ],
    [
      994.5,
      9678.939837182776,
      49.8,
      0.0,
      0.0
    ],
    [
      743.5,
      100.6203228194203,
      4.981707317073171,
      0.07926829268292686,
      0.0
    ]
  ],
  "inertia": 60037440.59345241
}