{
  "centroids": [
    [
      148.98299319727892,
      100.0,
      2572.7132135599413,
      8.078231292517007,
      0.0
    ],
    [
      291.0,
      100.0,
      755304.9013108719,
      9.0,
      0.0
    ],
    [
      151.6,
      100.0,
      49887.336482047656,
      7.2,
      0.0
    ]
  ],
  "inertia": 5629420116.399178
}