{
  "centroids": [
    [
      244.5,
      1991.2554811072623,
      48.62448979591838,
      9.920408163265165,
      3.020516076580808,
      0.0
    ],
    [
      495.0,
      8764534.687363267,
      161.5,
      22712.0,
      52.3577544887011,
      0.0
    ],
    [
      496.66666666666663,
      2660693.426726741,
      449.6666666666667,
      63027.33333333333,
      3334.757606178814,
      0.0
    ],
    [
      494.5,
      5612146.636875904,
      189.0,
      27303.0,
      -23.636320516102465,
      0.0
    ],
    [
      492.0,
      1230571.8783655867,
      44.0,
      39116.33333333333,
      3.0483769036547237,
      0.0
    ]
  ],
  "inertia": 1006055244848.9003
}