{
  "source_path": "",
  "row_count": 10000,
  "column_count": 5,
  "columns": {
    "Annual Income": {
      "dtype": "float64",
      "null_pct": 0.0,
      "distinct_pct": 1.0,
      "min": 25.8406086800278,
      "max": 99946.89699466559,
      "mean": 49670.2473482242,
      "std": 28822.75316664115,
      "p25": 24681.513812733472,
      "p50": 49321.80501166693,
      "p75": 74682.015217504
    },
    "Annual Spend": {
      "dtype": "float64",
      "null_pct": 0.0,
      "distinct_pct": 1.0,
      "min": 0.7212061841288531,
      "max": 49995.03035328045,
      "mean": 25235.504435931358,
      "std": 14436.5639190588,
      "p25": 12652.516239164743,
      "p50": 25298.968302052628,
      "p75": 37701.715513691466
    },
    "Age": {
      "dtype": "float64",
      "null_pct": 0.0,
      "distinct_pct": 0.0051,
      "min": 20.0,
      "max": 70.0,
      "mean": 44.9802,
      "std": 14.38916286515654,
      "p25": 32.0,
      "p50": 45.0,
      "p75": 57.0
    },
    "Savings": {
      "dtype": "float64",
      "null_pct": 0.0,
      "distinct_pct": 1.0,
      "min": 12.189153985375789,
      "max": 199978.33582248128,
      "mean": 100108.66684224684,
      "std": 58009.20531161724,
      "p25": 49770.14464111751,
      "p50": 100689.74242679571,
      "p75": 150258.3235058366
    },
    "Churn_Prob": {
      "dtype": "float64",
      "null_pct": 0.0,
      "distinct_pct": 1.0,
      "min": 3.382673314500373e-05,
      "max": 0.9999718887893428,
      "mean": 0.5043526102195396,
      "std": 0.2900948337426823,
      "p25": 0.253376552693101,
      "p50": 0.5039262974037352,
      "p75": 0.7597926781466634
    }
  },
  "data_type": {
    "primary_type": "marketing_performance",
    "secondary_types": [],
    "confidence": 0.2,
    "confidence_label": "exploratory",
    "signals": {
      "marketing_performance": [
        "columns:spend"
      ]
    },
    "notes": [
      "Primary type inferred from column/value signals (score=2)."
    ]
  },
  "quality": {
    "avg_null_pct": 0.0,
    "max_null_pct": 0,
    "avg_distinct_pct": 0.801
  },
  "drift_status": "none"
}