{
  "centroids": [
    [
      42.333333333333336,
      109102.7627005252,
      48.5,
      0.5,
      0.6690907879822652,
      0.11541797268321358,
      0.17670552189530303,
      -0.9909342947740167,
      0.5338010709012982,
      0.22659971637174703,
      0.230342711105392,
      0.0
    ],
    [
      60.0,
      674406.684963301,
      35.0,
      0.0,
      -1.0398073344765253,
      0.8789361614684574,
      -0.0506240990225897,
      -0.19351770918837627,
      -0.03693124772504401,
      0.4795657239637626,
      -0.7468695742367337,
      0.0
    ],
    [
      49.8494623655914,
      7064.962378183056,
      49.193548387096776,
      0.39784946236559143,
      0.15063665616367652,
      -0.052949293082050305,
      -0.04177843640694595,
      -0.007667996574703954,
      -0.09011610067705655,
      -0.12350346409967541,
      0.03055641630616822,
      0.0
    ]
  ],
  "inertia": 21514236709.66346
}