{
  "centroids": [
    [
      1051.6451612903227,
      47.225806451612904,
      26.96774193548387,
      301.39096774193547,
      27.451612903225808,
      96.86903225806452,
      82.29032258064518,
      0.4516129032258063,
      0.0
    ],
    [
      1042.659090909091,
      46.11363636363637,
      27.977272727272727,
      137.1031818181818,
      26.75,
      113.45704545454545,
      116.25000000000001,
      0.6590909090909092,
      0.0
    ],
    [
      1062.88,
      41.04,
      33.36,
      452.17879999999997,
      28.44,
      102.6844,
      84.96000000000001,
      0.56,
      0.0
    ]
  ],
  "inertia": 901390.8429170235
}