{
  "source_path": "",
  "row_count": 1000,
  "column_count": 4,
  "columns": {
    "Annual Income": {
      "dtype": "float64",
      "null_pct": 0.0,
      "distinct_pct": 1.0,
      "min": -4825.346801381449,
      "max": 137054.62981309442,
      "mean": 60386.64111644651,
      "std": 19574.524154947085,
      "p25": 47048.19389075297,
      "p50": 60506.01224469776,
      "p75": 72958.8775094586
    },
    "Annual Spend": {
      "dtype": "float64",
      "null_pct": 0.0,
      "distinct_pct": 1.0,
      "min": 596.1136533571989,
      "max": 61931.07567844861,
      "mean": 30708.36237249156,
      "std": 9969.555252946302,
      "p25": 23937.58310973888,
      "p50": 30630.771323290457,
      "p75": 37288.821770316295
    },
    "Age": {
      "dtype": "int64",
      "null_pct": 0.0,
      "distinct_pct": 0.05,
      "min": 20.0,
      "max": 69.0,
      "mean": 44.521,
      "std": 14.405122665218787,
      "p25": 32.0,
      "p50": 44.5,
      "p75": 57.0
    },
    "Savings": {
      "dtype": "float64",
      "null_pct": 0.0,
      "distinct_pct": 1.0,
      "min": -4955.679854503616,
      "max": 29631.188532181633,
      "mean": 9992.441145515044,
      "std": 5087.042273867858,
      "p25": 6503.489970904908,
      "p50": 9993.206216173428,
      "p75": 13325.247888246253
    }
  },
  "data_type": {
    "primary_type": "marketing_performance",
    "secondary_types": [],
    "confidence": 0.2,
    "confidence_label": "exploratory",
    "signals": {
      "marketing_performance": [
        "columns:spend"
      ]
    },
    "notes": [
      "Primary type inferred from column/value signals (score=2)."
    ]
  },
  "quality": {
    "avg_null_pct": 0.0,
    "max_null_pct": 0,
    "avg_distinct_pct": 0.7625
  },
  "drift_status": "none"
}