{
  "row_count": 400,
  "column_count": 7,
  "columns": {
    "customer_id": {
      "dtype": "int64",
      "null_pct": 0.0,
      "distinct_pct": 1.0,
      "min": 0.0,
      "max": 399.0,
      "mean": 199.5,
      "std": 115.46969299344309,
      "p25": 99.75,
      "p50": 199.5,
      "p75": 299.25
    },
    "revenue": {
      "dtype": "float64",
      "null_pct": 0.5875,
      "distinct_pct": 0.4125,
      "min": 13.679439449330694,
      "max": 157614.9335309184,
      "mean": 10573.63593599387,
      "std": 21759.34533125766,
      "p25": 531.4226333049417,
      "p50": 2515.6362045604787,
      "p75": 10293.442213912993
    },
    "age": {
      "dtype": "float64",
      "null_pct": 0.56,
      "distinct_pct": 0.145,
      "min": 18.0,
      "max": 79.0,
      "mean": 48.69318181818182,
      "std": 18.238232790777133,
      "p25": 34.0,
      "p50": 47.0,
      "p75": 65.0
    },
    "visits": {
      "dtype": "float64",
      "null_pct": 0.585,
      "distinct_pct": 0.0375,
      "min": 4.0,
      "max": 18.0,
      "mean": 10.060240963855422,
      "std": 3.064956996063657,
      "p25": 8.0,
      "p50": 10.0,
      "p75": 12.0
    },
    "satisfaction": {
      "dtype": "float64",
      "null_pct": 0.6225,
      "distinct_pct": 0.3775,
      "min": 1.0376835213180318,
      "max": 4.970180639988044,
      "mean": 2.995565490905353,
      "std": 1.15987961586961,
      "p25": 2.004565671399118,
      "p50": 3.0938495541354674,
      "p75": 4.09273294477504
    },
    "tenure_months": {
      "dtype": "float64",
      "null_pct": 0.61,
      "distinct_pct": 0.2075,
      "min": 1.0,
      "max": 99.0,
      "mean": 51.37179487179487,
      "std": 27.796240741196236,
      "p25": 28.75,
      "p50": 51.5,
      "p75": 74.0
    },
    "last_purchase_date": {
      "dtype": "object",
      "null_pct": 0.0,
      "distinct_pct": 1.0,
      "text_len_mean": 10.0,
      "text_len_p95": 10.0
    }
  }
}