{
  "correlation_analysis": {
    "available": true,
    "pearson_matrix": {
      "Annual Income": {
        "Annual Income": 1.0,
        "Annual Spend": -0.0025889394731591873,
        "Age": 0.0014103596070028101,
        "Savings": 0.001545995255365855,
        "Churn_Prob": -0.0004396859337028498
      },
      "Annual Spend": {
        "Annual Income": -0.0025889394731591873,
        "Annual Spend": 1.0,
        "Age": -0.0006950130038831084,
        "Savings": -0.0006216369335400172,
        "Churn_Prob": -0.004682637649737047
      },
      "Age": {
        "Annual Income": 0.0014103596070028101,
        "Annual Spend": -0.0006950130038831084,
        "Age": 1.0,
        "Savings": -0.003751335584852684,
        "Churn_Prob": 0.0008868497718269505
      },
      "Savings": {
        "Annual Income": 0.001545995255365855,
        "Annual Spend": -0.0006216369335400172,
        "Age": -0.003751335584852684,
        "Savings": 1.0,
        "Churn_Prob": -0.009126798933649736
      },
      "Churn_Prob": {
        "Annual Income": -0.0004396859337028498,
        "Annual Spend": -0.004682637649737047,
        "Age": 0.0008868497718269505,
        "Savings": -0.009126798933649736,
        "Churn_Prob": 1.0
      }
    },
    "spearman_matrix": {
      "Annual Income": {
        "Annual Income": 1.0,
        "Annual Spend": -0.0025873757329147374,
        "Age": 0.0013903876378241566,
        "Savings": 0.0015525935017552594,
        "Churn_Prob": -0.0004345277677514528
      },
      "Annual Spend": {
        "Annual Income": -0.0025873757329147374,
        "Annual Spend": 1.0,
        "Age": -0.0006825723700524008,
        "Savings": -0.0006097236650529724,
        "Churn_Prob": -0.004707838072226784
      },
      "Age": {
        "Annual Income": 0.0013903876378241566,
        "Annual Spend": -0.0006825723700524008,
        "Age": 1.0,
        "Savings": -0.0037506594001293792,
        "Churn_Prob": 0.0008622938995870324
      },
      "Savings": {
        "Annual Income": 0.0015525935017552594,
        "Annual Spend": -0.0006097236650529724,
        "Age": -0.0037506594001293792,
        "Savings": 1.0,
        "Churn_Prob": -0.009116682392387668
      },
      "Churn_Prob": {
        "Annual Income": -0.0004345277677514528,
        "Annual Spend": -0.004707838072226784,
        "Age": 0.0008622938995870324,
        "Savings": -0.009116682392387668,
        "Churn_Prob": 1.0
      }
    },
    "strong_correlations": [],
    "total_correlations": 0,
    "features": [
      "Annual Income",
      "Annual Spend",
      "Age",
      "Savings",
      "Churn_Prob"
    ],
    "insights": [
      "No strong correlations detected between features"
    ]
  },
  "distribution_analysis": {
    "available": true,
    "distributions": {
      "Annual Income": {
        "mean": 50010.181109848585,
        "median": 49993.765651650094,
        "std": 28900.8188841881,
        "min": 1.1333105083277673,
        "max": 99999.75139081977,
        "skewness": -0.0004357188460406666,
        "kurtosis": -1.2023297793124537,
        "is_normal": 