{
  "row_count": 500,
  "column_count": 5,
  "columns": {
    "customer_id": {
      "dtype": "int64",
      "null_pct": 0.0,
      "distinct_pct": 1.0,
      "min": 0.0,
      "max": 499.0,
      "mean": 249.5,
      "std": 144.33727862198316,
      "p25": 124.75,
      "p50": 249.5,
      "p75": 374.25
    },
    "revenue": {
      "dtype": "float64",
      "null_pct": 0.0,
      "distinct_pct": 1.0,
      "min": 62.7093169578609,
      "max": 9301169.354863264,
      "mean": 82805.7474989958,
      "std": 692791.631912851,
      "p25": 622.2046320695646,
      "p50": 1196.6942970347825,
      "p75": 2324.667258436421
    },
    "age": {
      "dtype": "int64",
      "null_pct": 0.0,
      "distinct_pct": 0.134,
      "min": 18.0,
      "max": 999.0,
      "mean": 52.016,
      "std": 48.842192252191154,
      "p25": 33.0,
      "p50": 50.0,
      "p75": 64.0
    },
    "visits": {
      "dtype": "int64",
      "null_pct": 0.0,
      "distinct_pct": 0.054,
      "min": 2.0,
      "max": 90494.0,
      "mean": 822.644,
      "std": 7127.506795595778,
      "p25": 8.0,
      "p50": 10.0,
      "p75": 12.0
    },
    "satisfaction": {
      "dtype": "float64",
      "null_pct": 0.0,
      "distinct_pct": 1.0,
      "min": -50.0,
      "max": 9999.0,
      "mean": 23.101827389434405,
      "std": 446.611411492303,
      "p25": 2.0111364718985687,
      "p50": 3.002067028913412,
      "p75": 4.129297336448241
    }
  }
}